id,SR_location_id,abbreviation,location_name,ISO1_ALPHA2,ISO1_NUM_CHAR,iso_1_numeric,iso_1_alpha_3,iso_3_unique,fsa_country_code,native_location_name,fips_country,sis,continent,french_short_name,english_short_name,german_postal_name,german_short_name,italian_short_name,spanish_short_name,active_from_timestamp,active_to_timestamp,active_indicator,legacy_sdl_id,wlc_classification,wlc_classification_reason,wlc_parent_country_sdl_id,updated_date
207,207,,India,IN,356,356,IND,IND,,Bharat,IN,340,Asia,Inde,India,Indien,Indien,India,India,,2150-01-01T00:00:00.000Z,1,100626,NWLC,n/a,,2020-06-30T11:09:39.000Z
208,208,,Indonesia,ID,360,360,IDN,IDN,,Indonesia,ID,359,Asia,Indonesie,Indonesia,Indonesien,Indonesien,Indonesia,Indonesia,2002-05-20T00:00:00.000Z,2150-01-01T00:00:00.000Z,1,100623,NWLC,n/a,,2020-06-30T11:09:39.000Z
209,209,,Iran- Islamic Republic of,IR,364,364,IRN,IRN,,Irân,IR,302,Asia,Iran,Iran,Iran,Iran,Iran,Iran,,2150-01-01T00:00:00.000Z,1,100629,NWLC,n/a,,2020-06-30T11:09:39.000Z
210,210,,Iraq,IQ,368,368,IRQ,IRQ,,Al 'Iraq,IZ,303,Asia,Iraq,Iraq,Irak,Irak,Iraq,Irak,,2150-01-01T00:00:00.000Z,1,100628,NWLC,n/a,,2020-06-30T11:09:39.000Z
211,211,,Ireland,IE,372,372,IRL,IRL,,Éire,EI,116,Europe,Irlande,Ireland,Irland,Irland,Irlanda,Irlanda,,2150-01-01T00:00:00.000Z,1,,WLC,Agreed as WLC,,2020-06-30T11:09:39.000Z
212,212,,Israel,IL,376,376,ISR,ISR,,Yisra'el,IS,301,Asia,Israel,Israel,Israel,Israel,Israele,Israel,,2150-01-01T00:00:00.000Z,1,100625,WLC,Agreed as WLC,,2020-06-30T11:09:39.000Z
213,213,,Italy,IT,380,380,ITA,ITA,,Italia,IT,107,Europe,Italie,Italy,Italien,Italien,Italia,Italia,,2150-01-01T00:00:00.000Z,1,,WLC,Agreed as WLC,,2020-06-30T11:09:39.000Z
214,214,,Jamaica,JM,388,388,JAM,JAM,,Jamaica,JM,220,Americas,Jamaique,Jamaica,Jamaika,Jamaika,Giamaica,Jamaica,,2150-01-01T00:00:00.000Z,1,100632,NWLC,n/a,,2020-06-30T11:09:39.000Z
215,215,XJM,Jan Mayen,SJ,744,744,SJM,-,,Jan Mayen,JN,112,,,,Jan Mayen,,,,,2006-02-01T00:00:00.000Z,0,,NWLC,,,2020-06-30T11:09:39.000Z
216,216,0,Japan,JP,392,392,JPN,JPN,,Nihon,JA,350,Asia,Japon,Japan,Japan,Japan,Giappone,Japon,,2150-01-01T00:00:00.000Z,1,,NWLC,n/a,,2020-09-07T01:02:00.000Z
217,217,XJA,Jarvis,UM,581,581,UMI,-,,Jarvis,DQ,200,Oceania,Jarvis,Jarvis,Jarvis-Insel,Jarvisinsel,Jarvis,Jarvis,,2150-01-01T00:00:00.000Z,1,1008535,NWLC,Equivalent to United States (USA),339,2020-06-30T11:09:39.000Z
219,219,XAT,Johnston Atoll,UM,581,581,UMI,-,,Johnston Atoll,JQ,200,Oceania,Johnston Atoll,Johnston Atoll,Johnston-Insel,Johnston-Atoll,Johnston Atoll,Johnston Atoll,,2150-01-01T00:00:00.000Z,1,1008536,NWLC,Equivalent to United States (USA),339,2020-06-30T11:09:39.000Z
220,220,,Jordan,JO,400,400,JOR,JOR,,Al 'Urdun,JO,306,Asia,Jordanie,Jordan,Jordanien,Jordanien,Giordania,Jordania,,2150-01-01T00:00:00.000Z,1,100633,NWLC,n/a,,2020-06-30T11:09:39.000Z
222,222,,Kazakhstan,KZ,398,398,KAZ,KAZ,,Qazaqstan,KZ,323,Asia,Kazakhstan,Kazakhstan,Kasachstan,Kasachstan,Kazakistan,Kazajstan,1991-12-16T00:00:00.000Z,2150-01-01T00:00:00.000Z,1,100645,NWLC,n/a,,2020-06-30T11:09:39.000Z
223,223,-,Kenya,KE,404,404,KEN,KEN,,Kenya,KE,413,Africa,Kenya,Kenya,Kenia,Kenia,Kenya,Kenia,,2150-01-01T00:00:00.000Z,1,100635,NWLC,n/a,,2020-06-30T11:09:39.000Z
224,224,,Kiribati,KI,296,296,KIR,KIR,,Kiribati,KR,509,Oceania,Kiribati,Kiribati,Kiribati,Kiribati,Kiribati,Kiribati,,2150-01-01T00:00:00.000Z,1,100638,NWLC,n/a,,2020-06-30T11:09:39.000Z
225,225,,North Korea,KP,408,408,PRK,PRK,,Democratic People's Republic of Korea,KN,365,Asia,Coree Du Nord,North Korea,Nord Korea,Nord-Korea,Corea Del Nord,Corea Del Norte,,2150-01-01T00:00:00.000Z,1,100641,NWLC,n/a,,2020-06-30T11:09:39.000Z
226,226,,South Korea,KR,410,410,KOR,KOR,,Republic of Korea,KS,361,Asia,Coree Du Sud,South Korea,Süd Korea,Sued-Korea,Corea Del Sud,Corea Sur,,2150-01-01T00:00:00.000Z,1,100642,NWLC,n/a,,2020-06-30T11:09:39.000Z
227,227,,Kuwait,KW,414,414,KWT,KWT,,Al Kuwayt,KU,305,Asia,Koweit,Kuwait,Kuwait,Kuwait,Kuwait,Kuwait,,2150-01-01T00:00:00.000Z,1,100643,NWLC,n/a,,2020-06-30T11:09:39.000Z
228,228,,Kyrgyzstan,KG,417,417,KGZ,KGZ,,Kyrgyz Respublikasy,KG,327,Asia,Kirghizistan,Kyrgyzstan,Kirgisistan,Kirgisistan,Kirguizistan,Kirguizistan,1991-08-31T00:00:00.000Z,2150-01-01T00:00:00.000Z,1,100636,NWLC,n/a,,2020-06-30T11:09:39.000Z
229,229,,Lao People's Democratic Republic,LA,418,418,LAO,LAO,,Sathalanalat Paxathipatai Paxaxon Lao,LA,360,Asia,Laos,Laos,Laos,Laos,Laos,Laos,,2150-01-01T00:00:00.000Z,1,100646,NWLC,n/a,,2020-06-30T11:09:39.000Z
230,230,,Latvia,LV,428,428,LVA,LVA,,Latvija,LG,141,Europe,Lettonie,Latvia,Lettland,Lettland,Lettonia,Letonia,,2150-01-01T00:00:00.000Z,1,,WLC,Agreed as WLC,,2020-06-30T11:09:39.000Z
231,231,,Lebanon,LB,422,422,LBN,LBN,,Lubnan,LE,307,Asia,Liban,Lebanon,Libanon,Libanon,Libano,Libano,,2150-01-01T00:00:00.000Z,1,100647,NWLC,n/a,,2020-06-30T11:09:39.000Z
232,232,-,Lesotho,LS,426,426,LSO,LSO,,Lesotho,LT,446,Africa,Lesotho,Lesotho,Lesotho,Lesotho,Lesotho,Lesotho,,2150-01-01T00:00:00.000Z,1,100652,NWLC,n/a,,2020-06-30T11:09:39.000Z
233,233,-,Liberia,LR,430,430,LBR,LBR,,Liberia,LI,425,Africa,Liberia,Liberia,Liberia,Liberia,Liberia,Liberia,,2150-01-01T00:00:00.000Z,1,100651,NWLC,n/a,,2020-06-30T11:09:39.000Z
234,234,-,Libya,LY,434,434,LBY,LBY,,Al Jumahiriyah al Arabiyah al Libiyah ash Shabiyah al Ishtirakiyah al Uzma,LY,415,Africa,Libye,Libya,Libyen,Libyen,Libia,Libia,,2150-01-01T00:00:00.000Z,1,,NWLC,,,2020-06-30T11:09:39.000Z
235,235,,Liechtenstein,LI,438,438,LIE,LIE,,Liechtenstein,LS,192,Europe,Liechtenstein,Liechtenstein,Liechtenstein,Liechtenstein,Liechtenstein,Liechtenstein,,2150-01-01T00:00:00.000Z,1,,WLC,Agreed as WLC,,2020-06-30T11:09:39.000Z
236,236,,Lithuania,LT,440,440,LTU,LTU,,Lietuva,LH,140,Europe,Lithuanie,Lithuania,Litauen,Litauen,Lituania,Lituania,,2150-01-01T00:00:00.000Z,1,,WLC,Agreed as WLC,,2020-06-30T11:09:39.000Z
237,237,,Luxembourg,LU,442,442,LUX,LUX,,Luxembourg,LU,106,Europe,Luxembourg,Luxembourg,Luxemburg,Luxemburg,Lussemburgo,Luxemburgo,,2150-01-01T00:00:00.000Z,1,,WLC,Agreed as WLC,,2020-06-30T11:09:39.000Z
238,238,,Macau,MO,446,446,MAC,-,,Macao,MC,358,,MACAO,MACAO,Macau,MACAO,MACAO,MACAO,,1999-12-20T00:00:00.000Z,0,,NWLC,,,2020-06-30T11:09:39.000Z
239,239,FYROM,North Macedonia,MK,807,807,MKD,MKD,,Makedonija,MK,132,Europe,Macedoine,Macedonia,Mazedonien,Mazedonien,Macedonia,Macedonia,,2150-01-01T00:00:00.000Z,1,,NWLC,,,2020-06-30T11:09:39.000Z
240,240,-,Madagascar,MG,450,450,MDG,MDG,,Madagascar,MA,417,Africa,Rep. Malgache,Madagascar,Madagaskar,Madagaskar,Madagascar,Malagasy,,2150-01-01T00:00:00.000Z,1,100660,NWLC,n/a,,2020-06-30T11:09:39.000Z
241,241,-,Malawi,MW,454,454,MWI,MWI,,Malawi,MI,421,Africa,Malawi,Malawi,Malawi,Malawi,Malawi,Malawi,,2150-01-01T00:00:00.000Z,1,100674,NWLC,n/a,,2020-06-30T11:09:39.000Z
242,242,,Malaysia,MY,458,458,MYS,MYS,,Malaysia,MY,364,Asia,Malaysia,Malaysia,Malaysia,Malaysia,Malaysia,Malasia,,2150-01-01T00:00:00.000Z,1,100676,NWLC,n/a,,2020-06-30T11:09:39.000Z
243,243,,Maldives,MV,462,462,MDV,MDV,,Dhivehi Raajje,MV,346,Asia,Maldives,Maldives,Malediven,Malediven,Maldive,Maldivas,,2150-01-01T00:00:00.000Z,1,100673,NWLC,n/a,,2020-06-30T11:09:39.000Z
244,244,-,Mali,ML,466,466,MLI,MLI,,Mali,ML,418,Africa,Mali,Mali,Mali,Mali,Mali,Mali,,2150-01-01T00:00:00.000Z,1,100663,NWLC,n/a,,2020-06-30T11:09:39.000Z
245,245,,Malta,MT,470,470,MLT,MLT,,Malta,MT,432,Europe,Malte,Malta,Malta,Malta,Malta,Malta,,2150-01-01T00:00:00.000Z,1,,WLC,Agreed as WLC,,2020-06-30T11:09:39.000Z
247,247,,Marshall Islands,MH,584,584,MHL,MHL,,Marshall Islands,RM,511,Oceania,Iles Marshall,Marshall Island,Marshallinseln,Marshallinseln,Isole Marshall,Islas Marshall,,2150-01-01T00:00:00.000Z,1,100661,NWLC,n/a,,2020-06-30T11:09:39.000Z
248,248,,Martinique,MQ,474,474,MTQ,MTQ,,Martinique,MB,253,Americas,Martinique F,Martinique F,Martinique,Martinique F,Martinique F,Martinique F,,2150-01-01T00:00:00.000Z,1,100668,WLC,Equivalent to France,179,2020-06-30T11:09:39.000Z
249,249,-,Mauritania,MR,478,478,MRT,MRT,,Muritaniyah,MR,436,Africa,Mauritanie,Mauritania,Mauretanien,Mauretanien,Mauritania,Mauretania,,2150-01-01T00:00:00.000Z,1,100669,NWLC,n/a,,2020-06-30T11:09:39.000Z
250,250,-,Mauritius,MU,480,480,MUS,MUS,,Mauritius,MP,414,Africa,Maurice Ile,Mauritius,Mauritius,Mauritius,Maurizio,Mauricio,,2150-01-01T00:00:00.000Z,1,100672,NWLC,n/a,,2020-06-30T11:09:39.000Z
251,251,-,Mayotte,YT,175,175,MYT,MYT,,Mayotte,MF,103,Africa,Mayotte,Mayotte,Mayotte,Mayotte,Mayotte,Mayotte,,2150-01-01T00:00:00.000Z,1,100761,WLC,Equivalent to France,179,2020-06-30T11:09:39.000Z
252,252,,Mexico,MX,484,484,MEX,MEX,,MÃ©xico,MX,210,Americas,Mexique,Mexico,Mexiko,Mexiko,Messico,Mexico,,2150-01-01T00:00:00.000Z,1,,NWLC,n/a,,2020-09-07T01:02:00.000Z
253,253,XMI,Midway Islands,UM,581,581,UMI,-,,Midway Islands,MQ,200,Oceania,Midway Islands,Midway Islands,Midway-Inseln,Midwayinseln,Isole Midway,Islas Midway,,2150-01-01T00:00:00.000Z,1,1008541,NWLC,Equivalent to United States (USA),339,2020-06-30T11:09:39.000Z
254,254,,Moldova - Republic of,MD,498,498,MDA,MDA,,Republica Moldova,MD,146,Europe,Moldavie,Moldavia,Moldau,Moldawien,Moldavia,Moldavia,,2150-01-01T00:00:00.000Z,1,,NWLC,,,2020-06-30T11:09:39.000Z
255,255,,Monaco,MC,492,492,MCO,MCO,,Monaco,MN,193,Europe,Monaco,Monaco,Monaco,Monaco,Monaco,Monaco,,2150-01-01T00:00:00.000Z,1,,NWLC,,,2020-06-30T11:09:39.000Z
256,256,,Mongolia,MN,496,496,MNG,MNG,,Mongol Uls,MG,367,Asia,Mongolie,Mongolia,Mongolei,Mongolei,Mongolia,Mongolia,,2150-01-01T00:00:00.000Z,1,100665,NWLC,n/a,,2020-06-30T11:09:39.000Z
257,257,,Montserrat,MS,500,500,MSR,MSR,,Montserrat,MH,237,Americas,Montserrat Gb,Montserrat Gb,Montserrat,Montserrat Gb,Montserrat Gb,Montserrat Gb,,2150-01-01T00:00:00.000Z,1,100670,NWLC,NOT equivalent to UK,,2020-06-30T11:09:39.000Z
258,258,-,Morocco,MA,504,504,MAR,MAR,,Al Maghrib,MO,407,Africa,Maroc,Marocco,Marokko,Marokko,Marocco,Marruecos,,2150-01-01T00:00:00.000Z,1,100657,NWLC,n/a,,2020-06-30T11:09:39.000Z
259,259,-,Mozambique,MZ,508,508,MOZ,MOZ,,Moçambique,MZ,492,Africa,Mozambique,Mozambique,Mosambik,Mozambique,Mozambico,Mozambique,,2150-01-01T00:00:00.000Z,1,100677,NWLC,n/a,,2020-06-30T11:09:39.000Z
260,260,-,Namibia,NA,516,516,NAM,NAM,,Namibia,WA,444,Africa,Namibia,Namibia,Namibia,Namibia,Namibia,Namibia,1990-03-21T00:00:00.000Z,2150-01-01T00:00:00.000Z,1,100678,NWLC,n/a,,2020-06-30T11:09:39.000Z
261,261,,Nauru,NR,520,520,NRU,NRU,,Naoero,NR,507,Oceania,Nauru,Nauru,Nauru,Nauru,Nauru,Nauru,,2150-01-01T00:00:00.000Z,1,100687,NWLC,n/a,,2020-06-30T11:09:39.000Z
262,262,XNI,Navassa Island,UM,581,581,UMI,UMI,,Navassa Island,-,200,Americas,Navassa Island,Navassa Island,Navassa,Navassa,Isola Navassa,Isla Navassa,,2150-01-01T00:00:00.000Z,1,1008542,NWLC,Equivalent to United States (USA),339,2020-06-30T11:09:39.000Z
263,263,,Nepal,NP,524,524,NPL,NPL,,Nepala,NP,343,Asia,Nepal,Nepal,Nepal,Nepal,Nepal,Nepal,,2150-01-01T00:00:00.000Z,1,100686,NWLC,n/a,,2020-06-30T11:09:39.000Z
264,264,,Netherlands,NL,528,528,NLD,NLD,,Nederland,NL,105,Europe,Pays-Bas,Netherlands,Niederlande,Niederlande,Paesi Bassi,Holanda,,2150-01-01T00:00:00.000Z,1,,WLC,Agreed as WLC,,2020-06-30T11:09:39.000Z
265,265,,Netherlands Antilles,AN,530,530,ANT,ANT,,Nederlandse Antillen,NT,218,,ANTILLES HOL.,NETH.ANTILLES,Niederländische Antillen,NIEDERL.ANTILLE,ANTILLE OLANDES,ANTILLAS HOLAND,,2013-04-13T00:00:00.000Z,0,100532,NWLC,NOT equivalent to Netherlands,264,2020-06-30T11:09:39.000Z
266,266,,New Caledonia,NC,540,540,NCL,NCL,,Nouvelle-Calédonie,NC,502,Oceania,Nouvelle Caledo,New Caledonia,Neukaledonien,Neukaledonien,Nuova Caledonia,Nueva Caledonia,,2150-01-01T00:00:00.000Z,1,100679,WLC,Equivalent to France,179,2020-06-30T11:09:39.000Z
267,267,,New Zealand,NZ,554,554,NZL,NZL,,Aotearoa,NZ,501,Oceania,Nouvelle Zeland,New Zealand,Neuseeland,Neuseeland,Nuova Zelanda,Nuevo Zelanda,,2150-01-01T00:00:00.000Z,1,100689,WLC,Agreed as WLC,,2020-06-30T11:09:39.000Z
268,268,,Nicaragua,NI,558,558,NIC,NIC,,Nicaragua,NU,211,Americas,Nicaragua,Nicaragua,Nicaragua,Nicaragua,Nicaragua,Nicaragua,,2150-01-01T00:00:00.000Z,1,100683,NWLC,n/a,,2020-06-30T11:09:39.000Z
269,269,-,Niger,NE,562,562,NER,NER,,Niger,NG,439,Africa,Niger,Niger,Niger,Niger,Niger,Niger,,2150-01-01T00:00:00.000Z,1,100680,NWLC,n/a,,2020-06-30T11:09:39.000Z
270,270,-,Nigeria,NG,566,566,NGA,NGA,,Nigeria,NI,408,Africa,Nigeria,Nigeria,Nigeria,Nigeria,Nigeria,Nigeria,,2150-01-01T00:00:00.000Z,1,100682,NWLC,n/a,,2020-06-30T11:09:39.000Z
271,271,,Niue,NU,570,570,NIU,NIU,,Niue,NE,271,Oceania,Niue,Niue,Niue,Niue,Niue,Niue,,2150-01-01T00:00:00.000Z,1,100688,NWLC,n/a,,2020-06-30T11:09:39.000Z
272,272,XGH,Golan Heights,-,-,0,-,-,,Golan Heights,-,399,Asia,,Golan Heights,Golanhöhen,Golanhöhen,Golan Heights,Altos del Golán,,2150-01-01T00:00:00.000Z,1,1008532,WLC,Equivalent to Israel,212,2020-06-30T11:09:39.000Z
273,273,,Norfolk Island,NF,574,574,NFK,NFK,,Norfolk Island,NF,500,Oceania,Île Norfolk,Norfolk Island,Norfolk-Inseln,Norfolkinsel,Norfolk Island,Isla Norfolk,,2150-01-01T00:00:00.000Z,1,100681,NWLC,Equivalent to Australia,113,2020-06-30T11:09:39.000Z
274,274,,Northern Mariana Islands,MP,580,580,MNP,MNP,,Northern Mariana Islands,CQ,513,Oceania,Mariannes Du N.,North. Marianas,Nördliche Marianen,Noerdl. Mariane,Marianne Sett.,Islas Marianas,,2150-01-01T00:00:00.000Z,1,100667,NWLC,Equivalent to United States (USA),339,2020-06-30T11:09:39.000Z
275,275,,Norway,NO,578,578,NOR,NOR,,Norge,NO,112,Europe,Norvege,Norway,Norwegen,Norwegen,Norvegia,Noruega,,2150-01-01T00:00:00.000Z,1,,WLC,Agreed as WLC,,2020-06-30T11:09:39.000Z
276,276,,Oman,OM,512,512,OMN,OMN,,Uman,MU,314,Asia,Oman Sultanat,Oman,Oman,Sultanat Oman,Oman,Oman,,2150-01-01T00:00:00.000Z,1,100690,NWLC,n/a,,2020-06-30T11:09:39.000Z
277,277,,Pakistan,PK,586,586,PAK,PAK,,Pakistan,PK,341,Asia,Pakistan,Pakistan,Pakistan,Pakistan,Pakistan,Paquistan,,2150-01-01T00:00:00.000Z,1,100696,NWLC,n/a,,2020-06-30T11:09:39.000Z
278,278,,Palau,PW,585,585,PLW,PLW,,Belau,PS,368,Oceania,Palau,Palau,Palau,Palau,Palau,Palau,1994-10-01T00:00:00.000Z,2150-01-01T00:00:00.000Z,1,100703,NWLC,n/a,,2020-06-30T11:09:39.000Z
279,279,XPA,Palmyra Atoll,UM,581,581,UMI,-,,Palmyra Atoll,-,200,Oceania,Palmyra Atoll,Palmyra Atoll,Palmyra-Insel,Palmyra-Atoll,Palmyra Atoll,Palmyra Atoll,,2150-01-01T00:00:00.000Z,1,1008543,NWLC,Equivalent to United States (USA),339,2020-06-30T11:09:39.000Z
280,280,,Panama,PA,591,591,PAN,PAN,,PanamÃ¡,PM,217,Americas,Panama,Panama,Panama,Panama,Panama,Panama,,2150-01-01T00:00:00.000Z,1,,NWLC,n/a,,2020-09-07T01:02:00.000Z
281,281,,Papua New Guinea,PG,598,598,PNG,PNG,,Papua New Guinea,PP,506,Oceania,Papouasie N.-G.,Papua New Guine,Papua-Neuguinea,Papua-Neuguinea,Papua N. Guinea,Papuasia N.-G.,,2150-01-01T00:00:00.000Z,1,100694,NWLC,n/a,,2020-06-30T11:09:39.000Z
282,282,,Paraguay,PY,600,600,PRY,PRY,,Paraguay,PA,267,Americas,Paraguay,Paraguay,Paraguay,Paraguay,Paraguay,Paraguay,,2150-01-01T00:00:00.000Z,1,,NWLC,,,2020-06-30T11:09:39.000Z
283,283,,Peru,PE,604,604,PER,PER,,PerÃº,PE,262,Americas,Perou,Peru,Peru,Peru,PerÃº,Peru,,2150-01-01T00:00:00.000Z,1,,NWLC,,,2020-09-07T01:02:00.000Z
284,284,,Philippines,PH,608,608,PHL,PHL,,Pilipinas,RP,351,Asia,Philippines,Philippines,Philippinen,Philippinen,Filippine,Filipinas,,2150-01-01T00:00:00.000Z,1,100695,NWLC,n/a,,2020-06-30T11:09:39.000Z
285,285,,Pitcairn,PN,612,612,PCN,PCN,,Pitcairn,PC,102,Oceania,Pitcairn,Pitcairn,Pitcairn,Pitcairninseln,Pitcairn,Pitcairn,,2150-01-01T00:00:00.000Z,1,100699,NWLC,NOT equivalent to UK,,2020-06-30T11:09:39.000Z
286,286,,Poland,PL,616,616,POL,POL,,Polska,PL,120,Europe,Pologne,Poland,Polen,Polen,Polonia,Polonia,,2150-01-01T00:00:00.000Z,1,,WLC,Agreed as WLC,,2020-06-30T11:09:39.000Z
287,287,,Portugal,PT,620,620,PRT,PRT,,Portugal,PO,109,Europe,Portugal,Portugal,Portugal,Portugal,Portogallo,Portugal,,2150-01-01T00:00:00.000Z,1,,WLC,Agreed as WLC,,2020-06-30T11:09:39.000Z
288,288,,Puerto Rico,PR,630,630,PRI,PRI,,Puerto Rico,RQ,251,Americas,Porto Rico,Puerto Rico,Puerto Rico,Puerto Rico,Puerto Rico,Puerto Rico,,2150-01-01T00:00:00.000Z,1,,NWLC,Equivalent to United States (USA),339,2020-06-30T11:09:39.000Z
289,289,,Qatar,QA,634,634,QAT,QAT,,Qatar,QA,315,Asia,Qatar,Qatar,Qatar,Qatar,Qatar,Katar,,2150-01-01T00:00:00.000Z,1,100705,NWLC,n/a,,2020-06-30T11:09:39.000Z
290,290,-,Reunion,RE,638,638,REU,REU,,Île de la Réunion,RE,434,Africa,Reunion,Reunion,Réunion,Reunion,Riunione,Reunion,,2150-01-01T00:00:00.000Z,1,100706,WLC,Equivalent to France,179,2020-06-30T11:09:39.000Z
291,291,,Romania,RO,642,642,ROU,ROU,,România,RO,123,Europe,Roumanie,Romania,Rumänien,Rumaenien,Romania,Rumania,,2150-01-01T00:00:00.000Z,1,,WLC,Agreed as WLC,,2020-06-30T11:09:39.000Z
292,292,,Russia,RU,643,643,RUS,RUS,,Rossiya,RS,143,Europe,Russie,Russia,Russische Föderation,Russland,Russia,Rusia,,2150-01-01T00:00:00.000Z,1,,NWLC,,,2020-06-30T11:09:39.000Z
293,293,-,Rwanda,RW,646,646,RWA,RWA,,Rwanda,RW,422,Africa,Ruanda,Rwanda,Ruanda,Rwanda,Ruanda,Ruanda,,2150-01-01T00:00:00.000Z,1,100709,NWLC,n/a,,2020-06-30T11:09:39.000Z
294,294,,San Marino,SM,674,674,SMR,SMR,,San Marino,SM,148,Europe,Saint Marin,San Marino,San Marino,San Marino,San Marino,San Marino,,2150-01-01T00:00:00.000Z,1,,NWLC,,,2020-06-30T11:09:39.000Z
295,295,-,Sao Tome and Principe,ST,678,678,STP,STP,,São Tomé e Príncipe,TP,451,Africa,Sao Tome/Princi,Sao Tome/Princi,Sao Tomé und Principe,Sao Tome/Princi,Sao Tome/Princi,Sao Tome/Princi,,2150-01-01T00:00:00.000Z,1,100725,NWLC,n/a,,2020-06-30T11:09:39.000Z
296,296,,Saudi Arabia,SA,682,682,SAU,SAU,,Al Arabiyah as Suudiyah,SA,309,Asia,Arabie Saoudite,Saudi Arabia,Saudi-Arabien,Saudi-Arabien,Arabia Saudita,Arabia Saudita,,2150-01-01T00:00:00.000Z,1,100710,NWLC,n/a,,2020-06-30T11:09:39.000Z
297,297,-,Senegal,SN,686,686,SEN,SEN,,Sénégal,SG,428,Africa,Senegal,Senegal,Senegal,Senegal,Senegal,Senegal,,2150-01-01T00:00:00.000Z,1,100722,NWLC,n/a,,2020-06-30T11:09:39.000Z
298,298,,Serbia,RS,688,688,SRB,SRB,,Srbija,RI,121,Europe,Serbie,Serbia,Serbien,Serbien,Serbia,Serbia,,2150-01-01T00:00:00.000Z,1,,NWLC,,,2020-06-30T11:09:39.000Z
299,299,-,Seychelles,SC,690,690,SYC,SYC,,Seychelles,SE,438,Africa,Seychelles Iles,Seychelles,Seychellen,Seychellen,Seicelle,Seychelles,,2150-01-01T00:00:00.000Z,1,100712,NWLC,n/a,,2020-06-30T11:09:39.000Z
300,300,-,Sierra Leone,SL,694,694,SLE,SLE,,Sierra Leone,SL,431,Africa,Sierra Leone,Sierra Leone,Sierra Leone,Sierra Leone,Sierra Leone,Sierra Leona,,2150-01-01T00:00:00.000Z,1,100720,NWLC,n/a,,2020-06-30T11:09:39.000Z
301,301,,Singapore,SG,702,702,SGP,SGP,,Singapore,SN,353,Asia,Singapour,Singapore,Singapur,Singapur,Singapore,Singapur,,2150-01-01T00:00:00.000Z,1,100715,NWLC,n/a,,2020-06-30T11:09:39.000Z
302,302,,Slovakia,SK,703,703,SVK,SVK,,Slovensko,LO,128,Europe,Slovaquie,Slovakia,Slowakische Republik,Slowakei,Slovacchia,Slovaquia,,2150-01-01T00:00:00.000Z,1,,WLC,Agreed as WLC,,2020-06-30T11:09:39.000Z
303,303,,Slovenia,SI,705,705,SVN,SVN,,Slovenija,SI,130,Europe,Slovenie,Slovenia,Slowenien,Slowenien,Slovenia,Slovenia,,2150-01-01T00:00:00.000Z,1,,WLC,Agreed as WLC,,2020-06-30T11:09:39.000Z
304,304,,Solomon Islands,SB,090,90,SLB,SLB,,Solomon Islands,BP,510,Oceania,Iles Solomon,Solomon Isl.,Salomonen,Salomon-Inseln,Isole Salomone,Islas Salomon,,2150-01-01T00:00:00.000Z,1,100711,NWLC,n/a,,2020-06-30T11:09:39.000Z
305,305,-,Somalia,SO,706,706,SOM,SOM,,Somaliya,SO,419,Africa,Somalie,Somalia,Somalia,Somaliland,Somalia,Somalia,,2150-01-01T00:00:00.000Z,1,100723,NWLC,n/a,,2020-06-30T11:09:39.000Z
306,306,-,South Africa,ZA,710,710,ZAF,ZAF,,Suid Afrika,SF,400,Africa,Afrique Du Sud,South Africa,Südafrika,Suedafrika,Sudafrica,Surafrica,1990-03-21T00:00:00.000Z,2150-01-01T00:00:00.000Z,1,100763,NWLC,n/a,,2020-06-30T11:09:39.000Z
307,307,,Spain,ES,724,724,ESP,ESP,,España,SP,108,Europe,Espagne,Spain,Spanien,Spanien,Spagna,Espana,,2150-01-01T00:00:00.000Z,1,,WLC,Agreed as WLC,,2020-06-30T11:09:39.000Z
308,308,XSI,Spratly Island,-,-,0,-,-,,Spratly Island,PG,399,Asia,Île Spratly,Spratly Island,Spratly-Inseln,Spratly-Insel,Isole Spratly,Islas Spratly,,2150-01-01T00:00:00.000Z,1,1008546,NWLC,Disputed,,2020-06-30T11:09:39.000Z
309,309,,Sri Lanka,LK,144,144,LKA,LKA,,Sri Lanka,CE,342,Asia,Sri Lanka,Sri Lanka,Sri Lanka,Sri Lanka,Sri Lanka,Sri Lanka,,2150-01-01T00:00:00.000Z,1,100650,NWLC,n/a,,2020-06-30T11:09:39.000Z
310,310,,Saint Helena,SH,654,654,SHN,SHN,,St. Helena,SH,453,Africa,Sainte-Helene,Saint Helena,St. Helena,St.Helena,Sant'Elena,Santa Helena,,2150-01-01T00:00:00.000Z,1,100716,NWLC,NOT equivalent to UK,,2020-06-30T11:09:39.000Z
311,311,,Saint Kitts and Nevis,KN,659,659,KNA,KNA,,Saint Kitts and Nevis,SC,230,Americas,Ste Kitts,St. Kitts,St. Kitts und Nevis,St. Kitts,St. Kitts,Sta Kitts,,2150-01-01T00:00:00.000Z,1,100640,NWLC,n/a,,2020-06-30T11:09:39.000Z
312,312,,Saint Lucia,LC,662,662,LCA,LCA,,Saint Lucia,ST,231,Americas,Ste Lucia,St. Lucia,St. Lucia,St. Lucia,St. Lucia,Sta Lucia,,2150-01-01T00:00:00.000Z,1,100648,NWLC,n/a,,2020-06-30T11:09:39.000Z
313,313,,Saint Pierre and Miquelon,PM,666,666,SPM,SPM,,Saint-Pierre et Miquelon,SB,254,Americas,Pierre/Miquelon,Pierre/Miquelon,St. Piere und Miquelon,Pierre/Miquelon,Pierre/Miquelon,Pierre/Miquelon,,2150-01-01T00:00:00.000Z,1,,WLC,Equivalent to France,179,2020-06-30T11:09:39.000Z
314,314,,Saint Vincent and the Grenadines,VC,670,670,VCT,VCT,,Saint Vincent and The Grenadines,VC,235,Americas,St-Vincent/Gren,St.Vincent/Gren,St. Vincent und die Grenadinen,S.Vincent/Gren.,St. Vincent/Gre,S.Vicente/Carib,,2150-01-01T00:00:00.000Z,1,100752,NWLC,n/a,,2020-06-30T11:09:39.000Z
315,315,-,Sudan,SD,736,736,SDN,SDN,,As-Sudan,SU,411,Africa,Soudan,Sudan,Sudan,Sudan,Sudan,Sudan,,2150-01-01T00:00:00.000Z,1,,NWLC,,,2020-06-30T11:09:39.000Z
316,316,,Surinam,SR,740,740,SUR,SUR,,Suriname,NS,270,Americas,Surinam,Surinam,Suriname,Surinam,Suriname,Surinam,,2150-01-01T00:00:00.000Z,1,,NWLC,,,2020-09-07T01:02:00.000Z
317,317,XSB,Svalbard,SJ,744,744,SJM,-,,Svalbard,SV,112,,,,Svalbard (Spitzbergen),,,,,2006-02-01T00:00:00.000Z,0,,NWLC,,,2020-06-30T11:09:39.000Z
318,318,-,Eswatini,SZ,748,748,SWZ,SWZ,,Umbuso we Swatini,WZ,445,Africa,Swaziland,Swaziland,Swasiland,Swaziland,Swaziland,Swazilandia,,2150-01-01T00:00:00.000Z,1,,NWLC,,,2020-06-30T11:09:39.000Z
319,319,,Sweden,SE,752,752,SWE,SWE,,Sverige,SW,111,Europe,Suede,Sweden,Schweden,Schweden,Svezia,Suecia,,2150-01-01T00:00:00.000Z,1,,WLC,Agreed as WLC,,2020-06-30T11:09:39.000Z
320,320,,Switzerland,CH,756,756,CHE,CHE,,Schweiz/Suisse/Svizzera,SZ,100,Europe,Suisse,Switzerland,Schweiz,Schweiz,Svizzera,Suiza,,2150-01-01T00:00:00.000Z,1,,WLC,Agreed as WLC,,2020-06-30T11:09:39.000Z
321,321,,Syrian Arab Republic,SY,760,760,SYR,SYR,,Suriyah,SY,304,Asia,Syrie,Syria,Syrien,Syrien,Siria,Siria,,2150-01-01T00:00:00.000Z,1,100727,NWLC,n/a,,2020-06-30T11:09:39.000Z
322,322,,Taiwan,TW,158,158,TWN,TWN,,T'ai-wan,TW,356,Asia,"Taiwan,R.C.","Taiwan,R.C.",Taiwan,"Taiwan,R.C.","Taiwan,R.C.","Taiwan,R.C.",,2150-01-01T00:00:00.000Z,1,100743,NWLC,n/a,,2020-06-30T11:09:39.000Z
323,323,,Tajikistan,TJ,762,762,TJK,TJK,,Jumhurii Tojikiston,TI,326,Asia,Tadjikistan,Tadjikistan,Tadschikistan,Tadschikistan,Tagikistan,Tadzhikistan,1991-09-09T00:00:00.000Z,2150-01-01T00:00:00.000Z,1,100734,NWLC,n/a,,2020-06-30T11:09:39.000Z
324,324,-,Tanzania,TZ,834,834,TZA,TZA,,United Republic of Tanzania,TZ,409,Africa,Tanzanie,Tanzania,Tansania,Tansania,Tanzania,Tanzania,,2150-01-01T00:00:00.000Z,1,100744,NWLC,n/a,,2020-06-30T11:09:39.000Z
325,325,,Thailand,TH,764,764,THA,THA,,Prathet Thai,TH,352,Asia,Thailande,Thailand,Thailand,Thailand,Thailandia,Tailandia,,2150-01-01T00:00:00.000Z,1,100733,NWLC,n/a,,2020-06-30T11:09:39.000Z
326,326,-,Togo,TG,768,768,TGO,TGO,,Republique Togolaise,TO,441,Africa,Togo,Togo,Togo,Togo,Togo,Togo,,2150-01-01T00:00:00.000Z,1,100732,NWLC,n/a,,2020-06-30T11:09:39.000Z
327,327,,Tonga,TO,776,776,TON,TON,,Tonga,TN,514,Oceania,Tonga,Tonga,Tonga,Tonga,Tonga,Tonga,,2150-01-01T00:00:00.000Z,1,100738,NWLC,n/a,,2020-06-30T11:09:39.000Z
328,328,,Trinidad and Tobago,TT,780,780,TTO,TTO,,Trinidad and Tobago,TD,225,Americas,Trinidad+Tobago,Trinidad+Tobago,Trinidad und Tobago,Trinidad+Tobago,Trinidad/Tobago,Trinidad Tobago,,2150-01-01T00:00:00.000Z,1,100741,NWLC,n/a,,2020-06-30T11:09:39.000Z
329,329,XTR,Tromelin Island,RE,638,638,REU,-,,Tromelin Island,-,103,Africa,Tromelin Island,Tromelin Island,Tromelin,Tromelin,Tromelin,Isla Tromelin,,2150-01-01T00:00:00.000Z,1,1008547,WLC,Equivalent to France,179,2020-06-30T11:09:39.000Z
330,330,-,Tunisia,TN,788,788,TUN,TUN,,Tunis,TS,405,Africa,Tunisie,Tunisia,Tunesien,Tunesien,Tunisia,Tunez,,2150-01-01T00:00:00.000Z,1,100737,NWLC,n/a,,2020-06-30T11:09:39.000Z
331,331,,Turkey,TR,792,792,TUR,TUR,,Türkiye,TU,300,Asia,Turquie,Turkey,Türkei,Tuerkei,Turchia,Turquia,,2150-01-01T00:00:00.000Z,1,100740,NWLC,n/a,,2020-06-30T11:09:39.000Z
332,332,,Turkmenistan,TM,795,795,TKM,TKM,,Turkmenistan,TX,324,Asia,Turkmenistan,Turkmenistan,Turkmenistan,Turkmenistan,Turkmenistan,Turkmenistan,1991-10-27T00:00:00.000Z,2150-01-01T00:00:00.000Z,1,100736,NWLC,n/a,,2020-06-30T11:09:39.000Z
333,333,,Turks and Caicos Islands,TC,796,796,TCA,TCA,,Turks and Caicos Islands,TK,238,Americas,Turks Caicos Gb,Turks Caicos Gb,Turks- und Caicosinseln,Turks Caicos Gb,Turks Caicos Gb,Turks Caicos Gb,,2150-01-01T00:00:00.000Z,1,100729,NWLC,NOT equivalent to UK,,2020-06-30T11:09:39.000Z
334,334,,Tuvalu,TV,798,798,TUV,TUV,,Tuvalu,TV,515,Oceania,Tuvalu,Tuvalu,Tuvalu,Tuvalu,Tuvalu,Tuvalu,,2150-01-01T00:00:00.000Z,1,100742,NWLC,n/a,,2020-06-30T11:09:39.000Z
335,335,-,Uganda,UG,800,800,UGA,UGA,,Uganda,UG,410,Africa,Ouganda,Uganda,Uganda,Uganda,Uganda,Uganda,,2150-01-01T00:00:00.000Z,1,100746,NWLC,n/a,,2020-06-30T11:09:39.000Z
336,336,,Ukraine,UA,804,804,UKR,UKR,,Ukrayina,UP,145,Europe,Ukraine,Ukraine,Ukraine,Ukraine,Ucraina,Ucrania,,2150-01-01T00:00:00.000Z,1,,NWLC,,,2020-06-30T11:09:39.000Z
337,337,,United Arab Emirates,AE,784,784,ARE,ARE,,Al Imarat al Arabiyah al Muttahidah,AE,313,Asia,U Arab Emirats,U Arab Emirates,Vereinigte Arabische Emirate,V Arab Emirate,U Arab Emirati,U Arab Emiratos,,2150-01-01T00:00:00.000Z,1,100526,NWLC,n/a,,2020-06-30T11:09:39.000Z
338,338,,United Kingdom,GB,826,826,GBR,GBR,,United Kingdom,UK,102,Europe,Grande Bretagne,Great Britain,Großbritannien,Grossbritannien,Gran Bretagna,Gran Bretana,,2150-01-01T00:00:00.000Z,1,,WLC,Agreed as WLC,,2020-06-30T11:09:39.000Z
339,339,,United States (USA),US,840,840,USA,USA,,United States of America,US,200,Americas,Etats-Unis,U.S.A.,Vereinigte Staaten von Amerika,U.S.A.,Stati Uniti,Ee.Uu.,,2150-01-01T00:00:00.000Z,1,100748,NWLC,n/a,,2020-06-30T11:09:39.000Z
340,340,,Uruguay,UY,858,858,URY,URY,,Uruguay,UY,268,Americas,Uruguay,Uruguay,Uruguay,Uruguay,Uruguay,Uruguay,,2150-01-01T00:00:00.000Z,1,,WLC,,,2020-06-30T11:09:39.000Z
341,341,,Uzbekistan,UZ,860,860,UZB,UZB,,Uzbekiston Respublikasi,UZ,325,Asia,Ouzbekistan,Uzbekistan,Usbekistan,Usbekistan,Uzbekistan,Uzbekistan,1991-09-01T00:00:00.000Z,2150-01-01T00:00:00.000Z,1,100750,NWLC,n/a,,2020-06-30T11:09:39.000Z
342,342,,Vanuatu,VU,548,548,VUT,VUT,,Vanuatu,NH,505,Oceania,Vanuatu,Vanuatu,Vanuatu,Vanuatu,Vanuatu,Vanuatu,,2150-01-01T00:00:00.000Z,1,100757,NWLC,n/a,,2020-06-30T11:09:39.000Z
343,343,,"Venezuela, Bolivarian Republic of",VE,862,862,VEN,VEN,,Venezuela,VE,260,Americas,Venezuela,Venezuela,Venezuela,Venezuela,Venezuela,Venezuela,,2150-01-01T00:00:00.000Z,1,,NWLC,,,2020-06-30T11:09:39.000Z
344,344,,Viet Nam,VN,704,704,VNM,VNM,,Viêt Nam,VM,355,Asia,Vietnam,Vietnam,Vietnam,Vietnam,Vietnam,Vietnam,,2150-01-01T00:00:00.000Z,1,100756,NWLC,n/a,,2020-06-30T11:09:39.000Z
345,345,,Virgin Islands (U.S.),VI,850,850,VIR,VIR,,Virgin Islands,VQ,200,Americas,,,Jungfern-Inseln,,,,,2150-01-01T00:00:00.000Z,1,100755,NWLC,Equivalent to United States (USA),339,2020-06-30T11:09:39.000Z
346,346,XWI,Wake Island,UM,581,581,UMI,-,,Wake Island,WQ,200,Oceania,Wake Island,Wake Island,Wake Insel,Wake Island,Wake Island,Wake Island,,2150-01-01T00:00:00.000Z,1,1008548,NWLC,Equivalent to United States (USA),339,2020-06-30T11:09:39.000Z
347,347,,Wallis and Futuna Islands,WF,876,876,WLF,WLF,,Wallis et Futuna,WF,103,Oceania,,,Wallis und Futuna,,,,,2150-01-01T00:00:00.000Z,1,100758,WLC,Equivalent to France,179,2020-06-30T11:09:39.000Z
348,348,,West Bank,PS,275,275,PSE,PSE,,West Bank,WE,317,,PALESTINE,PALESTINE,Palästina,PALAESTINA,PALESTINA,PALESTINA,,2008-10-11T00:00:00.000Z,0,,NWLC,,,2020-06-30T11:09:39.000Z
349,349,-,Western Sahara,EH,732,732,ESH,ESH,,Al Sahara al Gharbi,WI,407,Africa,,Western Sahara,West-Sahara,West Sahara,Western Sahara,,,2150-01-01T00:00:00.000Z,1,,NWLC,n/a,,2020-06-30T11:09:39.000Z
350,350,,Samoa,WS,882,882,WSM,WSM,,Samoa,WS,508,Oceania,Samoa Occidenta,Western Samoa,Samoa,West-Samoa,Samoa Occid.,Samoa-Occidenta,1997-07-01T00:00:00.000Z,2150-01-01T00:00:00.000Z,1,100759,NWLC,n/a,,2020-06-30T11:09:39.000Z
351,351,,Yemen,YE,887,887,YEM,YEM,,Al Yaman,YM,370,Asia,Yemen,Yemen,,Yemen,Yemen,Yemen,1990-05-22T00:00:00.000Z,2150-01-01T00:00:00.000Z,1,100760,NWLC,n/a,,2020-06-30T11:09:39.000Z
352,352,-,"Congo, Democratic Republic of the",CD,180,180,COD,COD,,République Démocratique du Congo,CG,416,Africa,Rep.Dem.Congo,Dem.Rep.Congo,Demokratische Republik Kongo,Dem.Rep.Kongo,Rep.Dem.Congo,Rep.Dem.Congo,1997-05-28T00:00:00.000Z,2150-01-01T00:00:00.000Z,1,,NWLC,,,2020-06-30T11:09:39.000Z
353,353,-,Zambia,ZM,894,894,ZMB,ZMB,,Zambia,ZA,412,Africa,Zambie,Zambia,Sambia,Sambia,Zambia,Zambia,,2150-01-01T00:00:00.000Z,1,100764,NWLC,n/a,,2020-06-30T11:09:39.000Z
354,354,-,Zimbabwe,ZW,716,716,ZWE,ZWE,,Zimbabwe,ZI,404,Africa,Zimbabwe,Zimbabwe,Zimbabwe,Zimbabwe,Zimbabwe,Zimbabwe,,2150-01-01T00:00:00.000Z,1,100765,NWLC,n/a,,2020-06-30T11:09:39.000Z
355,355,,Hong Kong,HK,344,344,HKG,HKG,,Xianggang,HK,354,,HONGKONG,HONG KONG,Hongkong,HONGKONG,HONG KONG,HONG KONG,,1997-06-30T00:00:00.000Z,0,,NWLC,,,2020-06-30T11:09:39.000Z
356,356,,Tokelau,TK,772,772,TKL,TKL,,Tokelau,TL,501,Oceania,Tokelau,Tokelau,Tokelau (Union)-Inseln,Tokelau,Tokelau,Tokelau,,2150-01-01T00:00:00.000Z,1,100735,NWLC,n/a,,2020-06-30T11:09:39.000Z
357,357,XCT,Cyprus Turkish part,CY,196,196,CYP,-,,Cyprus Turkish part,CY,308,Asia,Chypre du Nord,Northern Cyprus,Zypern,Nordzypern,Cipro del Nord,Norte de Chipre,,2150-01-01T00:00:00.000Z,1,1008528,NWLC,Equivalent to Turkey,331,2020-06-30T11:09:39.000Z
358,358,,East Timor,TL,626,626,TLS,TLS,,Timor-Leste,TT,369,Asia,Timor Occident.,Est Timor,Timor/Leste,Ost Timor,Timor Est,Timor Este,2003-10-31T00:00:00.000Z,2150-01-01T00:00:00.000Z,1,604,NWLC,n/a,,2020-06-30T11:09:39.000Z
359,359,,South Georgia and the South Sandwich Islands,GS,239,239,SGS,SGS,,South Georgia and the South Sandwich,SX,102,Antarctica,,,SÃ¼dgeorgien und SÃ¼dsandwich-Inseln,,,,,2150-01-01T00:00:00.000Z,1,,NWLC,NOT equivalent to UK,,2020-09-07T01:02:00.000Z
360,360,,Vatican City State (Holy See),VA,336,336,VAT,VAT,,Città del Vaticano,VT,147,Europe,Vatican,Vatican City,Vatikanstadt,Vatikanstadt,Citta Vaticano,Ciudad Vaticano,,2150-01-01T00:00:00.000Z,1,100751,NWLC,n/a,,2020-06-30T11:09:39.000Z
361,361,,South Yemen,-,-,0,-,-,,South Yemen,-,312,,YEMEN SUD REP.,SOUTH YEMEN,Südjemen,DEM.REP.S.JEMEN,REP. DEM. YEMEN,REP.POP.YEMEN,,1990-05-21T00:00:00.000Z,0,,NWLC,,,2020-06-30T11:09:39.000Z
362,362,XPI,Paracel Islands,-,-,0,-,-,,Paracel Islands,PF,399,Asia,Iles Paracel,Paracel Islands,Paracel-Inseln,Paracel-Inseln,Isole Paracel,Islas Paracel,,2150-01-01T00:00:00.000Z,1,1008544,NWLC,Equivalent to China,147,2020-06-30T11:09:39.000Z
363,363,XJU,Juan de Nova Island,RE,638,638,REU,-,,Ile Juan de Nova,JU,103,Africa,,,Juan de Nova-Insel,,,,,2150-01-01T00:00:00.000Z,1,1008537,WLC,Equivalent to France,179,2020-06-30T11:09:39.000Z
364,364,FRG,Federal Republic of Germany (former FRG),-,-,0,-,-,,Bundesrepublik Deutschland (BRD),-,0,,,,Bundesrepublik Deutschland,,,,,1990-10-02T00:00:00.000Z,0,,NWLC,,,2020-06-30T11:09:39.000Z
365,365,USSR,Union of Soviet Socialist Republics (former USSR),-,-,0,-,-,,CCCP,-,119,,,,Sowjetunion,,,,,1991-12-08T00:00:00.000Z,0,,NWLC,,,2020-06-30T11:09:39.000Z
366,366,CSFR,Czechoslovakia (former CSFR),-,-,0,-,-,,Ceskoslovensko,-,118,,,,Tschechoslowakei,,,,1990-01-01T00:00:00.000Z,1992-12-31T00:00:00.000Z,0,,NWLC,,,2020-06-30T11:09:39.000Z
367,367,,North Yemen,-,-,0,-,-,,North Yemen,-,316,,,,Nordjemen,,,,,1990-05-21T00:00:00.000Z,0,,NWLC,,,2020-06-30T11:09:39.000Z
0,0,,Offshore,,,,,,,Offshore,,,,En Mer,Offshore,,Offshore,Al Largo,Costa Afuera,,2150-01-01T00:00:00.000Z,1,,NWLC,,,2020-06-30T11:09:38.000Z
101,101,,Afghanistan,AF,004,4,AFG,AFG,,Afghanestan,AF,310,Asia,Afghanistan,Afghanistan,Afghanistan,Afghanistan,Afghanistan,Afganistan,,2150-01-01T00:00:00.000Z,1,100527,NWLC,n/a,,2020-06-30T11:09:29.000Z
102,102,,Albania,AL,008,8,ALB,ALB,,Shqiperia,AL,126,Europe,Albanie,Albania,Albanien,Albanien,Albania,Albania,,2150-01-01T00:00:00.000Z,1,,NWLC,,,2020-06-30T11:09:38.000Z
103,103,-,Algeria,DZ,012,12,DZA,DZA,,Al Jaza'ir,AG,403,Africa,Algerie,Algeria,Algerien,Algerien,Algeria,Argelia,,2150-01-01T00:00:00.000Z,1,100583,NWLC,n/a,,2020-06-30T11:09:38.000Z
104,104,,American Samoa,AS,016,16,ASM,ASM,,American Samoa,AQ,200,Oceania,,American Samoa,Amerikanisch Samoa,,Samoa Americane,Samoa Americana,,2150-01-01T00:00:00.000Z,1,100536,NWLC,Equivalent to United States (USA),339,2020-06-30T11:09:38.000Z
105,105,,Andorra,AD,020,20,AND,AND,,Andorra,AN,195,Europe,Andorre,Andorra,Andorra,Andorra,Andorra,Andorra,,2150-01-01T00:00:00.000Z,1,,WLC,Agreed as WLC,,2020-06-30T11:09:38.000Z
106,106,-,Angola,AO,024,24,AGO,AGO,,Angola,AO,491,Africa,Angola,Angola,Angola,Angola,Angola,Angola,,2150-01-01T00:00:00.000Z,1,100533,NWLC,n/a,,2020-06-30T11:09:38.000Z
107,107,,Anguilla,AI,660,660,AIA,AIA,,Anguilla,AV,239,Americas,Anguilla Gb,Anguilla Gb,Anguilla,Anguilla Gb,Anguilla Gb,Anguilla Gb,,2150-01-01T00:00:00.000Z,1,100529,NWLC,NOT equivalent to UK,,2020-06-30T11:09:38.000Z
109,109,,Antigua and Barbuda,AG,028,28,ATG,ATG,,Antigua and Barbuda,AC,228,Americas,Antigua,Antigua,Antigua und Barbuda,Antigua,Antigua,Antigua,,2150-01-01T00:00:00.000Z,1,100528,NWLC,n/a,,2020-06-30T11:09:38.000Z
110,110,,Argentina,AR,32,32,ARG,ARG,,Argentina,AR,263,Americas,Argentine,Argentina,Argentinien,Argentinien,Argentina,Argentina,,2150-01-01T00:00:00.000Z,1,,WLC,,,2020-09-07T01:02:00.000Z
111,111,,Armenia,AM,051,51,ARM,ARM,,Hayastan,AM,320,Asia,Armenie,Armenia,Armenien,Armenien,Armenia,Armenia,1991-09-21T00:00:00.000Z,2150-01-01T00:00:00.000Z,1,100531,NWLC,n/a,,2020-06-30T11:09:38.000Z
112,112,,Aruba,AW,533,533,ABW,ABW,,Aruba,AA,233,Americas,Aruba,Aruba,Aruba,Aruba,Aruba,Aruba,,2150-01-01T00:00:00.000Z,1,100539,NWLC,NOT equivalent to Netherlands,264,2020-06-30T11:09:38.000Z
113,113,,Australia,AU,036,36,AUS,AUS,,Australia,AS,500,Oceania,Australie,Australia,Australien,Australien,Australia,Australia,,2150-01-01T00:00:00.000Z,1,100538,NWLC,n/a,,2020-06-30T11:09:38.000Z
114,114,,Austria,AT,040,40,AUT,AUT,,Österreich,AU,114,Europe,Autriche,Austria,Österreich,Oesterreich,Austria,Austria,,2150-01-01T00:00:00.000Z,1,,WLC,Agreed as WLC,,2020-06-30T11:09:38.000Z
115,115,,Azerbaijan,AZ,031,31,AZE,AZE,,Azarbaycan Respublikasi,AJ,322,Asia,Azerbaidjan,Azerbaijan,Aserbaidschan,Aserbeidschan,Azerbaigian,Azerbaijan,1991-08-30T00:00:00.000Z,2150-01-01T00:00:00.000Z,1,100540,NWLC,n/a,,2020-06-30T11:09:38.000Z
116,116,,Bahamas,BS,044,44,BHS,BHS,,The Bahamas,BF,223,Americas,Bahamas,Bahamas,Bahamas,Bahama-Inseln,Isole Bahama,Bahamas,,2150-01-01T00:00:00.000Z,1,100554,NWLC,n/a,,2020-06-30T11:09:39.000Z
117,117,,Bahrain,BH,048,48,BHR,BHR,,Al Bahrayn,BA,311,Asia,Bahrein,Bahrain,Bahrain,Bahrein,Bahrein,Bahrein,,2150-01-01T00:00:00.000Z,1,100547,NWLC,n/a,,2020-06-30T11:09:39.000Z
118,118,XBI,Baker Island,UM,581,581,UMI,-,,Baker Island,FQ,200,Oceania,Île Baker,Baker Island,Baker-Insel,Bakerinsel,Baker Island,Baker Island,,2150-01-01T00:00:00.000Z,1,1008523,NWLC,Equivalent to United States (USA),339,2020-06-30T11:09:39.000Z
119,119,,Bangladesh,BD,050,50,BGD,BGD,,Bangladesh,BG,344,Asia,Bangladesh,Bangladesh,Bangladesch,Bangladesh,Bangladesh,Bangladesh,,2150-01-01T00:00:00.000Z,1,100543,NWLC,n/a,,2020-06-30T11:09:39.000Z
120,120,,Barbados,BB,052,52,BRB,BRB,,Barbados,BB,226,Americas,Barbade,Barbados,Barbados,Barbados,Barbados,Barbados,,2150-01-01T00:00:00.000Z,1,100542,NWLC,n/a,,2020-06-30T11:09:39.000Z
121,121,,Belarus,BY,112,112,BLR,BLR,,Respublika Byelarus',BO,144,Europe,Bielorussie,Byelorussia,Weißrussland,Weissrussland,Russia Bianca,Bielorrusia,,2150-01-01T00:00:00.000Z,1,,NWLC,,,2020-06-30T11:09:39.000Z
122,122,,Belgium,BE,056,56,BEL,BEL,,Belgique/België,BE,104,Europe,Belgique,Belgium,Belgien,Belgien,Belgio,Belgica,,2150-01-01T00:00:00.000Z,1,,WLC,Agreed as WLC,,2020-06-30T11:09:39.000Z
123,123,,Belize,BZ,84,84,BLZ,BLZ,,Belize,BH,222,Americas,Belize,Belize,Belize,Belize,Belize,Belice,,2150-01-01T00:00:00.000Z,1,,NWLC,n/a,,2020-09-07T01:02:00.000Z
124,124,-,Benin,BJ,204,204,BEN,BEN,,Benin,BN,435,Africa,Benin,Benin,Benin,Benin,Benin,Benin,,2150-01-01T00:00:00.000Z,1,100549,NWLC,n/a,,2020-06-30T11:09:39.000Z
125,125,,Bermuda,BM,060,60,BMU,BMU,,Bermuda,BD,224,Americas,Bermudes,Bermuda,Bermuda,Bermuda-Inseln,Isole Bermuda,Bermudas,,2150-01-01T00:00:00.000Z,1,100550,NWLC,NOT equivalent to UK,,2020-06-30T11:09:39.000Z
126,126,,Bhutan,BT,064,64,BTN,BTN,,Druk Yul,BT,345,Asia,Bhoutan,Bhutan,Bhutan,Bhutan,Bhutan,Bhutan,,2150-01-01T00:00:00.000Z,1,100555,NWLC,n/a,,2020-06-30T11:09:39.000Z
127,127,,"Bolivia, Plurinational State of",BO,68,68,BOL,BOL,,Bolivia,BL,269,Americas,Bolivie,Bolivia,Bolivien,Bolivien,Bolivia,Bolivia,,2150-01-01T00:00:00.000Z,1,,NWLC,,,2020-09-07T01:02:00.000Z
128,128,,Bosnia and Herzegovina,BA,070,70,BIH,BIH,,Bosna i Hercegovina,BK,133,Europe,Bosnie,Bosnia,Bosnien-Herzegowina,Bosnien,Bosnia,Bosnia,,2150-01-01T00:00:00.000Z,1,,NWLC,,,2020-06-30T11:09:39.000Z
129,129,-,Botswana,BW,072,72,BWA,BWA,,Botswana,BC,442,Africa,Botswana,Botswana,Botsuana,Botswana,Botswana,Botswana,,2150-01-01T00:00:00.000Z,1,100557,NWLC,n/a,,2020-06-30T11:09:39.000Z
130,130,,Bouvet Island,BV,074,74,BVT,BVT,,Bouvet Island,BV,699,Antarctica,Île Bouvet,Bouvet Island,Bouvet-Insel,Bouvetinsel,Isola Bouvet,Isla Bouvet,,2150-01-01T00:00:00.000Z,1,100556,WLC,Equivalent to Norway,275,2020-06-30T11:09:39.000Z
131,131,,Brazil,BR,76,76,BRA,BRA,,Brasil,BR,264,Americas,Bresil,Brazil,Brasilien,Brasilien,Brasile,Brasil,,2150-01-01T00:00:00.000Z,1,,WLC,,,2020-09-07T01:02:00.000Z
132,132,,British Indian Ocean Territory,IO,086,86,IOT,IOT,,British Indian Ocean Territory,IO,103,Asia,,,Britisches Territorium im Indischen Ozean,,,,,2150-01-01T00:00:00.000Z,1,,NWLC,NOT equivalent to UK,,2020-06-30T11:09:39.000Z
133,133,,Virgin Islands (British),VG,092,92,VGB,VGB,,British Virgin Islands,VI,236,Americas,Iles Vierges Gb,Virgin Isles Gb,Jungferninseln,Jungferninseln,I. Vergini Gb,Islas Virgenes,,2150-01-01T00:00:00.000Z,1,100754,NWLC,NOT equivalent to UK,,2020-06-30T11:09:39.000Z
134,134,,Brunei,BN,096,96,BRN,BRN,,Negara Brunei Darussalam,BX,366,Asia,Brunei,Brunei,Brunei Darussalam,Brunei,Brunei,Brunei,,2150-01-01T00:00:00.000Z,1,100551,NWLC,n/a,,2020-06-30T11:09:39.000Z
135,135,,Bulgaria,BG,100,100,BGR,BGR,,Republic of Bulgaria,BU,124,Europe,Bulgarie,Bulgaria,Bulgarien,Bulgarien,Bulgaria,Bulgaria,,2150-01-01T00:00:00.000Z,1,,WLC,Agreed as WLC,,2020-06-30T11:09:39.000Z
136,136,-,Burkina Faso,BF,854,854,BFA,BFA,,Burkina Faso,UV,440,Africa,Bourkina Faso,Burkina Faso,Burkina Faso,Burkina Faso,Burkina Faso,Burkina Faso,,2150-01-01T00:00:00.000Z,1,100545,NWLC,n/a,,2020-06-30T11:09:39.000Z
137,137,,Myanmar (Burma),MM,104,104,MMR,MMR,,Myanma Naingngandaw,BM,362,Asia,Myanmar,Myanmar,Myanmar,Myanmar,Myanmar,Myanmar,1989-01-01T00:00:00.000Z,2150-01-01T00:00:00.000Z,1,100664,NWLC,n/a,,2020-06-30T11:09:39.000Z
138,138,-,Burundi,BI,108,108,BDI,BDI,,Burundi,BY,424,Africa,Burundi,Burundi,Burundi,Burundi,Burundi,Burundi,,2150-01-01T00:00:00.000Z,1,100548,NWLC,n/a,,2020-06-30T11:09:39.000Z
139,139,,Cambodia,KH,116,116,KHM,KHM,,Kampuchea,CB,357,Asia,Cambodge,Cambodia,Kambodscha,Kambodscha,Cambogia,Camboya,,2150-01-01T00:00:00.000Z,1,100637,NWLC,n/a,,2020-06-30T11:09:39.000Z
140,140,-,Cameroon,CM,120,120,CMR,CMR,,Cameroun,CM,426,Africa,Cameroun,Cameroon,Kamerun,Kamerun,Camerun,Camerun,,2150-01-01T00:00:00.000Z,1,100569,NWLC,n/a,,2020-06-30T11:09:39.000Z
141,141,,Canada,CA,124,124,CAN,CAN,,Canada,CA,201,Americas,Canada,Canada,Kanada,Kanada,Canada,Canada,,2150-01-01T00:00:00.000Z,1,100560,WLC,Agreed as WLC,,2020-06-30T11:09:39.000Z
142,142,-,Cape Verde,CV,132,132,CPV,CPV,,Cabo Verde,CV,450,Africa,Rep. Du Cap-Ver,Cape Verde,Kap Verde,Kapverden,Capo Verde,Cabo Verde,,2150-01-01T00:00:00.000Z,1,100574,NWLC,n/a,,2020-06-30T11:09:39.000Z
143,143,,Cayman Islands,KY,136,136,CYM,CYM,,Cayman Islands,CJ,229,Americas,Isles Caiman,Cayman Islands,Kaimaninseln,Kaimaninseln,Isole Cayman,Islas Caiman,,2150-01-01T00:00:00.000Z,1,100644,NWLC,NOT equivalent to UK,,2020-06-30T11:09:39.000Z
144,144,-,Central African Republic,CF,140,140,CAF,CAF,,République Centrafricaine,CT,443,Africa,Rep. Centralafr,Centr. Afr. Rep,Zentralafrikanische Republik,Zentralafr. Rep,Rep. Centrafric,Rep. Centralafr,,2150-01-01T00:00:00.000Z,1,100563,NWLC,n/a,,2020-06-30T11:09:39.000Z
145,145,-,Chad,TD,148,148,TCD,TCD,,Tchad,CD,433,Africa,Tchad,Chad,Tschad,Tschad,Ciad,Chad,,2150-01-01T00:00:00.000Z,1,100730,NWLC,n/a,,2020-06-30T11:09:39.000Z
146,146,,Chile,CL,152,152,CHL,CHL,,Chile,Cl,265,Americas,Chili,Chile,Chile,Chile,Cile,Chile,,2150-01-01T00:00:00.000Z,1,,NWLC,,,2020-06-30T11:09:39.000Z
147,147,,China,CN,156,156,CHN,CHN,,Zhong Guo,CH,363,Asia,"Chine,R.P.C.","China,P.R.C.",Volksrepublik China,"China,V.R.C.","Cina,R.P.C.","China,R.P.C.",1999-12-21T00:00:00.000Z,2150-01-01T00:00:00.000Z,1,100666,NWLC,n/a,,2020-06-30T11:09:39.000Z
148,148,,Christmas Island,CX,162,162,CXR,CXR,,Christmas Island,KT,500,Oceania,,,Christmas-Insel,,,,,2150-01-01T00:00:00.000Z,1,100575,NWLC,Equivalent to Australia,113,2020-06-30T11:09:39.000Z
149,149,XCL,Clipperton Island,PF,258,258,PYF,-,,Clipperton Island,-,103,Americas,,,Clipperton-Inseln,,,,,2150-01-01T00:00:00.000Z,1,1008526,WLC,Equivalent to France,179,2020-06-30T11:09:39.000Z
150,150,,Cocos (Keeling) Islands,CC,166,166,CCK,CCK,,Cocos (Keeling) Islands,CK,500,Oceania,,,Kokos-Inseln,,,,,2150-01-01T00:00:00.000Z,1,100561,NWLC,Equivalent to Australia,113,2020-06-30T11:09:39.000Z
151,151,,Colombia,CO,170,170,COL,COL,,Colombia,CO,261,Americas,Colombie,Colombia,Kolumbien,Kolumbien,Colombia,Colombia,,2150-01-01T00:00:00.000Z,1,,NWLC,,,2020-06-30T11:09:39.000Z
152,152,-,Comoros,KM,174,174,COM,COM,,Comores,CN,448,Africa,Comores,Comoros,Komoren,Komoren,Comore,Comores,,2150-01-01T00:00:00.000Z,1,100639,NWLC,n/a,,2020-06-30T11:09:39.000Z
153,153,-,Congo,CG,178,178,COG,COG,,République du Congo,CF,427,Africa,Congo-Brazzav.,Congo People'S,Republik Kongo,Kongo (Brazzav.,Congo (Brazzav.,Congo,,2150-01-01T00:00:00.000Z,1,100564,NWLC,n/a,,2020-06-30T11:09:39.000Z
154,154,,Cook Islands,CK,184,184,COK,COK,,Cook Islands,CW,501,Oceania,Îles Cook,Cook Islands,Cook-Inseln,Cookinseln,Isole Cook,Islas Cook,,2150-01-01T00:00:00.000Z,1,100567,NWLC,n/a,,2020-06-30T11:09:39.000Z
155,155,XCO,Coral Sea Islands,AU,036,36,AUS,-,,Coral Sea Islands,-,500,Oceania,,,Korallensee-Inseln,,,,,2150-01-01T00:00:00.000Z,1,1008527,NWLC,Equivalent to Australia,113,2020-06-30T11:09:39.000Z
156,156,,Costa Rica,CR,188,188,CRI,CRI,,Costa Rica,CS,212,Americas,Costa Rica,Costa Rica,Costa Rica,Costa Rica,Costa Rica,Costa Rica,,2150-01-01T00:00:00.000Z,1,100572,NWLC,n/a,,2020-06-30T11:09:39.000Z
157,157,-,Ivory Coast,CI,384,384,CIV,CIV,,Côte d'Ivoire,IV,430,Africa,Cote D'Ivoire,Ivory Coast,Côte d'Ivoire,Elfenbeinkueste,Costa D'Avorio,Costa De Marfil,,2150-01-01T00:00:00.000Z,1,1008534,NWLC,n/a,,2020-06-30T11:09:39.000Z
158,158,,Croatia,HR,191,191,HRV,HRV,,Hrvatska,HR,131,Europe,Croatie,Croatia,Kroatien,Kroatien,Croazia,Croacia,,2150-01-01T00:00:00.000Z,1,,WLC,Agreed as WLC,,2020-06-30T11:09:39.000Z
159,159,,Cuba,CU,192,192,CUB,CUB,,Cuba,CU,221,Americas,Cuba,Cuba,Kuba,Kuba,Cuba,Cuba,,2150-01-01T00:00:00.000Z,1,100573,NWLC,n/a,,2020-06-30T11:09:39.000Z
160,160,,Cyprus,CY,196,196,CYP,CYP,,Cyprus,CY,308,Europe,Chypre,Cyprus,Zypern,Zypern,Cipro,Chipre,,2150-01-01T00:00:00.000Z,1,,WLC,Agreed as WLC,,2020-06-30T11:09:39.000Z
161,161,,Czech Republic,CZ,203,203,CZE,CZE,,Ceska Republika,EZ,127,Europe,Rep. Tcheque,Czech Republic,Tschechische Republik,Tschechische Re,Repubblica Ceca,Republica Checa,,2150-01-01T00:00:00.000Z,1,,WLC,Agreed as WLC,,2020-06-30T11:09:39.000Z
162,162,,Denmark,DK,208,208,DNK,DNK,,Danmark,DA,110,Europe,Danemark,Denmark,Dänemark,Daenemark,Danimarca,Dinamarca,,2150-01-01T00:00:00.000Z,1,,WLC,Agreed as WLC,,2020-06-30T11:09:39.000Z
163,163,-,Djibouti,DJ,262,262,DJI,DJI,,Djibouti,DJ,420,Africa,Somalis Franc.,Djibouti,Dschibuti,Djibouti,Gibuti,Somalia Franc.,,2150-01-01T00:00:00.000Z,1,100579,NWLC,n/a,,2020-06-30T11:09:39.000Z
164,164,,Dominica,DM,212,212,DMA,DMA,,Dominica,DO,234,Americas,Dominique,Dominica,Dominica,Dominica,Dominica,Dominica,,2150-01-01T00:00:00.000Z,1,100581,NWLC,n/a,,2020-06-30T11:09:39.000Z
165,165,,Dominican Republic,DO,214,214,DOM,DOM,,República Dominicana,DR,214,Americas,Rep.Dominicaine,Dominican Rep.,Dominikanische Republik,Dominikan. Rep.,Rep. Dominicana,Rep.Dominicana,,2150-01-01T00:00:00.000Z,1,100582,NWLC,n/a,,2020-06-30T11:09:39.000Z
166,166,,Ecuador,EC,218,218,ECU,ECU,,Ecuador,EC,266,Americas,Equateur,Ecuador,Ecuador,Ecuador,Ecuador,Ecuador,,2150-01-01T00:00:00.000Z,1,,NWLC,,,2020-06-30T11:09:39.000Z
167,167,-,Egypt,EG,818,818,EGY,EGY,,Misr,EG,401,Africa,Egypte,Egypt,Ägypten,Aegypten,Egitto,Egipto,,2150-01-01T00:00:00.000Z,1,100586,NWLC,n/a,,2020-06-30T11:09:39.000Z
168,168,,Salvador,SV,222,222,SLV,SLV,,El Salvador,ES,215,Americas,Salvador,Salvador,El Salvador,Salvador,Salvador,El Salvador,,2150-01-01T00:00:00.000Z,1,,NWLC,n/a,,2020-09-07T01:02:00.000Z
169,169,-,Equatorial Guinea,GQ,226,226,GNQ,GNQ,,Guinea Ecuatorial,EK,449,Africa,Guinee-Equator.,Equat. Guinea,Äquatorialguinea,Aequator.-Guine,Guinea Equator.,Guinea Ecuator.,,2150-01-01T00:00:00.000Z,1,100609,NWLC,n/a,,2020-06-30T11:09:39.000Z
170,170,-,Eritrea,ER,232,232,ERI,ERI,,Ertra,ER,452,Africa,Erythree,Eritrea,Eritrea,Eritrea,Eritrea,Eritrea,1993-05-24T00:00:00.000Z,2150-01-01T00:00:00.000Z,1,100588,NWLC,n/a,,2020-06-30T11:09:39.000Z
171,171,,Estonia,EE,233,233,EST,EST,,Eesti,EN,142,Europe,Estonie,Estonia,Estland,Estland,Estonia,Estonia,,2150-01-01T00:00:00.000Z,1,,WLC,Agreed as WLC,,2020-06-30T11:09:39.000Z
172,172,-,Ethiopia,ET,231,231,ETH,ETH,,Ityop'iya,ET,406,Africa,Ethiopie,Ethiopia,Äthiopien,Aethiopien,Etiopia,Etiopia,1993-05-24T00:00:00.000Z,2150-01-01T00:00:00.000Z,1,100590,NWLC,n/a,,2020-06-30T11:09:39.000Z
173,173,XEI,Europa Islands,RE,638,638,REU,-,,Europa Islands,-,103,Africa,Îles Europa,Europa Islands,Europa-Insel,Europa Insel,Isole Europa,Islas Europa,,2150-01-01T00:00:00.000Z,1,1008529,WLC,Equivalent to France,179,2020-06-30T11:09:39.000Z
174,174,,Falkland Islands (Malvinas),FK,238,238,FLK,FLK,,Falkland Islands (Malvinas),FA,273,Americas,Iles Falkland,Falkland Island,Falklandinseln,Falkland Inseln,Isole Falkland,Islas Malvinas,,2150-01-01T00:00:00.000Z,1,,NWLC,,,2020-06-30T11:09:39.000Z
175,175,,Faroe Islands,FO,234,234,FRO,FRO,,Føroyar,FO,150,Europe,Iles Feroe,Faroe Islands,Färöer,Faeroeer,Isole Foeroyar,Islas Faroe,,2150-01-01T00:00:00.000Z,1,,WLC,Agreed as WLC,,2020-06-30T11:09:39.000Z
176,176,,Micronesia (Federated States of),FM,583,583,FSM,FSM,,Micronesia,FM,512,Oceania,Micronesie,Micronesia,Mikronesien,Mikronesien,Micronesia,Micronesia,,2150-01-01T00:00:00.000Z,1,100594,NWLC,n/a,,2020-06-30T11:09:39.000Z
177,177,,Fiji,FJ,242,242,FJI,FJI,,Fiji,FJ,503,Oceania,Fidji Iles,Fiji,Fidschi,Fidschi-Inseln,Isole Figi,Islas Fidschi,,2150-01-01T00:00:00.000Z,1,100592,NWLC,n/a,,2020-06-30T11:09:39.000Z
178,178,,Finland,FI,246,246,FIN,FIN,,Suomi,FI,113,Europe,Finlande,Finland,Finnland,Finnland,Finlandia,Finlandia,,2150-01-01T00:00:00.000Z,1,,WLC,Agreed as WLC,,2020-06-30T11:09:39.000Z
179,179,,France,FR,250,250,FRA,FRA,,France,FR,103,Europe,France,France,Frankreich,Frankreich,Francia,Francia,,2150-01-01T00:00:00.000Z,1,,WLC,Agreed as WLC,,2020-06-30T11:09:39.000Z
180,180,,French Guyana,GF,254,254,GUF,GUF,,Guyane FranÃ§aise,FG,272,Americas,Guyane Francais,French Guyana,FranzÃ¶sisch-Guyana,Franz. Guyana,Guayana Frances,Guayana Frances,,2150-01-01T00:00:00.000Z,1,,NWLC,,,2020-09-07T01:02:00.000Z
181,181,,French Polynesia,PF,258,258,PYF,PYF,,Polynesie Française,FP,590,Oceania,,,Französisch-Polynesien,,,,,2150-01-01T00:00:00.000Z,1,100693,WLC,Equivalent to France,179,2020-06-30T11:09:39.000Z
182,182,,French Southern Territories,TF,260,260,ATF,ATF,,Terres Australes et Antarctiques Françaises,FS,103,Antarctica,Polynesie Franc,Fr. Pacific Isl,,Col.Fr.Pacifiqu,Col. Fr. Pacif.,Col.Franc.Pacif,,2150-01-01T00:00:00.000Z,1,,WLC,Equivalent to France,179,2020-06-30T11:09:39.000Z
183,183,-,Gabon,GA,266,266,GAB,GAB,,Gabon,GB,429,Africa,Gabon,Gabon,Gabun,Gabun,Gabon,Gabon,,2150-01-01T00:00:00.000Z,1,100598,NWLC,n/a,,2020-06-30T11:09:39.000Z
184,184,-,Gambia,GM,270,270,GMB,GMB,,The Gambia,GA,437,Africa,Gambie,Gambia,Gambia,Gambia,Gambia,Gambia,,2150-01-01T00:00:00.000Z,1,100606,NWLC,n/a,,2020-06-30T11:09:39.000Z
185,185,XGZ,Gaza Strip,-,-,0,-,-,,Gaza Strip,GZ,317,,,,Gazastreifen,,,,,2008-10-11T00:00:00.000Z,0,,NWLC,,,2020-06-30T11:09:39.000Z
186,186,,Georgia,GE,268,268,GEO,GEO,,Sak'art'velo,GG,321,Asia,Georgie,Georgia,Georgien,Georgien,Georgia,Georgia,1991-04-09T00:00:00.000Z,2150-01-01T00:00:00.000Z,1,100601,NWLC,n/a,,2020-06-30T11:09:39.000Z
187,187,,Germany,DE,276,276,DEU,DEU,,Deutschland,GM,101,Europe,Allemagne,Germany,Deutschland,Deutschland,Germania,Alemania,,2150-01-01T00:00:00.000Z,1,,WLC,Agreed as WLC,,2020-06-30T11:09:39.000Z
188,188,-,Ghana,GH,288,288,GHA,GHA,,Ghana,GH,402,Africa,Ghana,Ghana,Ghana,Ghana,Ghana,Ghana,,2150-01-01T00:00:00.000Z,1,100603,NWLC,n/a,,2020-06-30T11:09:39.000Z
189,189,,Gibraltar,GI,292,292,GIB,GIB,,Gibraltar,GI,196,Europe,Gibraltar,Gibraltar,Gibraltar,Gibraltar,Gibilterra,Gibraltar,,2150-01-01T00:00:00.000Z,1,,NWLC,NOT equivalent to UK,,2020-06-30T11:09:39.000Z
190,190,XGL,Glorioso Islands,RE,638,638,REU,-,,Glorioso Island,GO,103,Africa,,,Glorioso Inseln,,,,,2150-01-01T00:00:00.000Z,1,1008531,WLC,Equivalent to France,179,2020-06-30T11:09:39.000Z
191,191,,Greece,GR,300,300,GRC,GRC,,Ellás/Ellada,GR,115,Europe,Grece,Greece,Griechenland,Griechenland,Grecia,Grecia,,2150-01-01T00:00:00.000Z,1,,WLC,Agreed as WLC,,2020-06-30T11:09:39.000Z
192,192,,Greenland,GL,304,304,GRL,GRL,,Grønland/Kalaallit Nunaat,GL,149,Americas,Groenland,Greenland,Grönland,Groenland,Groenlandia,Groenlandia,,2150-01-01T00:00:00.000Z,1,,WLC,Equivalent to Denmark,,2020-06-30T11:09:39.000Z
193,193,,Grenada,GD,308,308,GRD,GRD,,Grenada,GJ,232,Americas,Grenade,Grenada,Grenada,Grenada,Grenada,Granada,,2150-01-01T00:00:00.000Z,1,100600,NWLC,n/a,,2020-06-30T11:09:39.000Z
194,194,-,Guadeloupe,GP,312,312,GLP,GLP,,Guadeloupe,GP,252,Americas,Guadeloupe F,Guadeloupe F,Guadeloupe,Guadeloupe F,Guadeloupe F,Guadeloupe F,,2150-01-01T00:00:00.000Z,1,100608,WLC,Equivalent to France,179,2020-06-30T11:09:39.000Z
195,195,,Guam,GU,316,316,GUM,GUM,,Guam,GQ,591,Oceania,Guam,Guam,Guam,Guam,Guam,Guam,,2150-01-01T00:00:00.000Z,1,100613,NWLC,Equivalent to United States (USA),339,2020-06-30T11:09:39.000Z
196,196,,Guatemala,GT,320,320,GTM,GTM,,Guatemala,GT,213,Americas,Guatemala,Guatemala,Guatemala,Guatemala,Guatemala,Guatemala,,2150-01-01T00:00:00.000Z,1,100612,NWLC,n/a,,2020-06-30T11:09:39.000Z
198,198,-,Guinea,GN,324,324,GIN,GIN,,Guinée,GV,423,Africa,Guinee,Guinea,Guinea,Guinea,Guinea,Guinea,,2150-01-01T00:00:00.000Z,1,100607,NWLC,n/a,,2020-06-30T11:09:39.000Z
199,199,-,Guinea-Bissau,GW,624,624,GNB,GNB,,Guine-Bissau,PU,447,Africa,Guinea-Bissau,Guinea-Bissau,Guinea-Bissau,Guinea-Bissau,Guinea-Bissau,Guinea-Bissau,,2150-01-01T00:00:00.000Z,1,100614,NWLC,n/a,,2020-06-30T11:09:39.000Z
200,200,,Guyana,GY,328,328,GUY,GUY,,Guyana,GY,271,Americas,Guyane,Guyana,Guyana,Guyana,Rep. Di Guyana,Guayana,,2150-01-01T00:00:00.000Z,1,,NWLC,,,2020-06-30T11:09:39.000Z
201,201,,Haiti,HT,332,332,HTI,HTI,,Haiti,HA,227,Americas,Haiti,Haiti,Haiti,Haiti,Haiti,Haiti,,2150-01-01T00:00:00.000Z,1,100620,NWLC,n/a,,2020-06-30T11:09:39.000Z
202,202,,Heard Island and McDonald Islands,HM,334,334,HMD,HMD,,Heard Island and McDonald Islands,HM,500,Antarctica,,,McDonald-Inseln,,,,,2150-01-01T00:00:00.000Z,1,,NWLC,,,2020-06-30T11:09:39.000Z
203,203,,Honduras,HN,340,340,HND,HND,,Honduras,HO,216,Americas,Honduras,Honduras,Honduras,Honduras,Honduras,Honduras,,2150-01-01T00:00:00.000Z,1,100618,NWLC,n/a,,2020-06-30T11:09:39.000Z
204,204,XHI,Howland Island,UM,581,581,UMI,-,,Howland Island,HQ,200,Oceania,Howland Island,Howland Island,Howland-Insel,Howlandinsel,Howland Island,Isla Howland,,2150-01-01T00:00:00.000Z,1,1008533,NWLC,Equivalent to United States (USA),339,2020-06-30T11:09:39.000Z
205,205,,Hungary,HU,348,348,HUN,HUN,,Magyarország,HU,125,Europe,Hongrie,Hungary,Ungarn,Ungarn,Ungheria,Hungria,,2150-01-01T00:00:00.000Z,1,,WLC,Agreed as WLC,,2020-06-30T11:09:39.000Z
206,206,,Iceland,IS,352,352,ISL,ISL,,Ísland,IC,117,Europe,Islande,Iceland,Island,Island,Islanda,Islandia,,2150-01-01T00:00:00.000Z,1,,WLC,Agreed as WLC,,2020-06-30T11:09:39.000Z
368,368,GDR,German Democratic Republic (former GDR),-,-,0,-,-,,Deutsche Demokratische Republik (DDR),,0,,,,Deutsche Demokratische Republik,,,,,1990-10-02T00:00:00.000Z,0,,NWLC,,,2020-06-30T11:09:39.000Z
369,369,XKI,Kuril Islands (administered by Russia - claimed by Japan),-,-,0,-,-,,Kuril Islands,,399,Asia,îles Kouriles,Kuril Islands,,Kurilen,Isole Curili,Islas Kuriles,,2150-01-01T00:00:00.000Z,1,1008539,NWLC,Equivalent to Russia,292,2020-06-30T11:09:39.000Z
370,370,,Kashmir and Jammu,-,-,0,XKD,-,,Kaschmir and Dschammu,,399,Asia,,,Jammu und Kaschmir,,,,,2150-01-01T00:00:00.000Z,1,,NWLC,,,2020-06-30T11:09:39.000Z
371,371,XAC,"Aksai Chin (administered by China, claimed by India)",-,-,0,XAC,-,,Aksai Chin,,399,,,,,,,,,2006-02-01T00:00:00.000Z,0,,NWLC,,,2020-06-30T11:09:39.000Z
372,372,ATA,Antarctica,AQ,010,10,ATA,ATA,,Antarctica,AY,699,Antarctica,Antarctique,Antarctica,Antarktis,Antarktis,Antartide,Antartida,,2150-01-01T00:00:00.000Z,1,100534,NWLC,n/a,,2020-06-30T11:09:39.000Z
373,373,,Svalbard and Jan Mayen,SJ,744,744,SJM,SJM,,Svalbard and Jan Mayen,,112,Europe,,,Svalbard (Spitzbergen) und Jan Mayen,,,,,2150-01-01T00:00:00.000Z,1,,NWLC,,,2020-06-30T11:09:39.000Z
374,374,,Montenegro,ME,499,499,MNE,MNE,,Crna Gora,MJ,183,Europe,Monténégro,Montenegro,Montenegro,Montenegro,Montenegro,Montenegro,,2150-01-01T00:00:00.000Z,1,,NWLC,,,2020-06-30T11:09:39.000Z
375,375,,Occupied Palestinian Territory,PS,275,275,PSE,PSE,,Occupied Palestinian Territory,WE,317,Asia,Palestinien Occ,Palestine,Palestina,Palestina,,,2008-10-11T00:00:00.000Z,2150-01-01T00:00:00.000Z,1,,NWLC,,,2020-06-30T11:09:39.000Z
376,376,-,"Bonaire, Sint Eustatius and Saba",BQ,535,535,BES,BES,,"Bonaire, Sint Eustatius and Saba",NL,0,Americas,,,-,,,,2010-12-15T00:00:00.000Z,2150-01-01T00:00:00.000Z,1,,NWLC,NOT equivalent to Netherlands,264,2020-06-30T11:09:39.000Z
377,377,-,Curacao,CW,531,531,CUW,CUW,,Curacao,UC,0,Americas,Curacao,Curacao,-,Curaçao,Curacao,Curazao,2010-12-15T00:00:00.000Z,2150-01-01T00:00:00.000Z,1,,NWLC,NOT equivalent to Netherlands,264,2020-06-30T11:09:39.000Z
378,378,-,St Maarten (Dutch part),SX,534,534,SXM,SXM,,Sint Maarten (Dutch part),NN,0,Americas,,,-,,,,2010-12-15T00:00:00.000Z,2150-01-01T00:00:00.000Z,1,,NWLC,NOT equivalent to Netherlands,264,2020-06-30T11:09:39.000Z
379,379,-,St Barthelemy,BL,652,652,BLM,BLM,,Saint Barthélemy,TB,0,Americas,St Barthelemy,St Barthelemy,-,St-Barthélemy,St Barthelemy,San Bartolomé,2007-09-21T00:00:00.000Z,2150-01-01T00:00:00.000Z,1,,NWLC,,,2020-06-30T11:09:39.000Z
380,380,-,Saint Martin (French part),MF,663,663,MAF,MAF,,Saint Martin (French part),RN,0,Americas,,,-,,,,2007-09-21T00:00:00.000Z,2150-01-01T00:00:00.000Z,1,,NWLC,,,2020-06-30T11:09:39.000Z
381,381,-,South Sudan,SS,728,728,SSD,SSD,,South Sudan,OD,0,Africa,South Sudan,South Sudan,South Sudan,South Sudan,South Sudan,South Sudan,2011-08-09T00:00:00.000Z,2150-01-01T00:00:00.000Z,1,,NWLC,,,2020-06-30T11:09:39.000Z
382,382,,Kosovo,XK,-,0,RKS,-,,Kosovo,KV,0,Europe,Kosovo,Kosovo,-,Kosovo,Kosovo,Kosovo,,2150-01-01T00:00:00.000Z,1,,NWLC,,,2020-06-30T11:09:39.000Z
383,383,,Isle of Man,IM,833,833,IMN,IMN,,Isle of Man,IM,0,Europe,Île de Man,Isle of Man,Isle of Man,Isle of Man,Isola di Man,Isla del hombre,,2150-01-01T00:00:00.000Z,1,,WLC,,,2020-06-30T11:09:39.000Z
384,384,,Guernsey,GG,831,831,GGY,GGY,,Guernsey,GK,0,Europe,Guernesey,Guernsey,Guernsey,Guernsey,Guernsey,Guernsey,,2150-01-01T00:00:00.000Z,1,,WLC,,,2020-06-30T11:09:39.000Z
385,385,,Jersey,JE,832,832,JEY,JEY,,Jersey,JE,0,Europe,Jersey,Jersey,Jersey,Jersey,Jersey,Jersey,,2150-01-01T00:00:00.000Z,1,,WLC,,,2020-06-30T11:09:39.000Z
